,text,inputs,prediction,prediction_agent,annotation,annotation_agent,vectors,multi_label,explanation,id,metadata,status,event_timestamp,metrics
0,"I haven‚Äôt EVEN talked about the disposability of black trans women but y‚Äôall too cis-centric to think about that. 

Shit y‚Äôall think our dead names be a motherfucking Beetlejuice demon summoning chant.",{'text': 'I haven‚Äôt EVEN talked about the disposability of black trans women but y‚Äôall too cis-centric to think about that. \n\nShit y‚Äôall think our dead names be a motherfucking Beetlejuice demon summoning chant.'},,,3 (neutral),admin,,False,,1751,,Validated,2023-09-16 07:41:20.404492,{'text_length': 201}
1,Gay furry? More like Yay furry,{'text': 'Gay furry? More like Yay furry'},,,3 (neutral),admin,,False,,1752,,Validated,2023-09-16 07:41:20.404568,{'text_length': 30}
2,"I ask again, where are gay and bisexual male voices in all this shit storm. It would be different if TIMs or TIFs were coercing them into sex and disrespecting their boundaries. Men wouldn‚Äôt tolerate it. And neither will we! Stand up brothers , your sisters are being attacked.","{'text': 'I ask again, where are gay and bisexual male voices in all this shit storm. It would be different if TIMs or TIFs were coercing them into sex and disrespecting their boundaries. Men wouldn‚Äôt tolerate it. And neither will we! Stand up brothers , your sisters are being attacked.'}",,,2 (positive/supportive),admin,,False,,1753,,Validated,2023-09-16 07:41:20.404627,{'text_length': 277}
3,Miley Cyrus will forever be my lesbian crush,{'text': 'Miley Cyrus will forever be my lesbian crush'},,,2 (positive/supportive),admin,,False,,1754,,Validated,2023-09-16 07:41:20.404679,{'text_length': 44}
4,"If you dont understand why we're protesting-keep Dr Kings name out of your mouth. If you did not say anything on Trans day of rememberance-keep Dr Kings name out of your mouth. If you are supporting hate, bigotry, racism-keep Dr. Kings name out of your mouth - CM @JumaaneWilliams","{'text': ""If you dont understand why we're protesting-keep Dr Kings name out of your mouth. If you did not say anything on Trans day of rememberance-keep Dr Kings name out of your mouth. If you are supporting hate, bigotry, racism-keep Dr. Kings name out of your mouth - CM @JumaaneWilliams""}",,,2 (positive/supportive),admin,,False,,1755,,Validated,2023-09-16 07:41:20.404730,{'text_length': 280}
5,I‚Äôm so excited to see hex rn I haven‚Äôt seen this tranny since I was 16,{'text': 'I‚Äôm so excited to see hex rn I haven‚Äôt seen this tranny since I was 16'},,,4 (hateful/unsupportive),admin,,False,,1756,,Validated,2023-09-16 07:41:20.404781,{'text_length': 70}
6,honestly am i the only lesbian in the world who doesn‚Äôt like or listen to hayley kiyoko she‚Äôs incredibly overrated sorry not sorry facts,{'text': 'honestly am i the only lesbian in the world who doesn‚Äôt like or listen to hayley kiyoko she‚Äôs incredibly overrated sorry not sorry facts'},,,3 (neutral),admin,,False,,1757,,Validated,2023-09-16 07:41:20.404831,{'text_length': 136}
7,Shame on @McDonalds for supporting bigots and bullies.  #LGBT #CheersToSochi,{'text': 'Shame on @McDonalds for supporting bigots and bullies.  #LGBT #CheersToSochi'},,,2 (positive/supportive),admin,,False,,1758,,Validated,2023-09-16 07:41:20.406117,{'text_length': 76}
8,I'm opening a small business where I just spank trans men over my lap all day?,"{'text': ""I'm opening a small business where I just spank trans men over my lap all day?""}",,,3 (neutral),admin,,False,,1759,,Validated,2023-09-16 07:41:20.406199,{'text_length': 78}
9,"shemale, deepthroat, anal, teen. Putain il marche pas ce site de XXX","{'text': 'shemale, deepthroat, anal, teen. Putain il marche pas ce site de XXX'}",,,3 (neutral),admin,,False,,1760,,Validated,2023-09-16 07:41:20.406257,{'text_length': 68}
10,THERE'S A BISEXUAL CHARACTER IN THIS ANIME YES BITCH,"{'text': ""THERE'S A BISEXUAL CHARACTER IN THIS ANIME YES BITCH""}",,,2 (positive/supportive),admin,,False,,1761,,Validated,2023-09-16 07:41:20.406321,{'text_length': 52}
11,trust me I still think circumgender is bullshit but that doesn't apply to intersex people and being intersex makes it more complicated in a way I can never understand so I'm sorry for speaking so hastily and carelessly,"{'text': ""trust me I still think circumgender is bullshit but that doesn't apply to intersex people and being intersex makes it more complicated in a way I can never understand so I'm sorry for speaking so hastily and carelessly""}",,,3 (neutral),admin,,False,,1762,,Validated,2023-09-16 07:41:20.406374,{'text_length': 218}
12,"me: [is inclusive of intersex people]
randoms: NOT ALL INTERSEX PEOPLE WANT TO BE INCLUDED

....no one is forcing anything on them. but those people don't get to decide that other intersex people who are part of the community/need the support and resources should be pushed out.","{'text': ""me: [is inclusive of intersex people]\nrandoms: NOT ALL INTERSEX PEOPLE WANT TO BE INCLUDED\n\n....no one is forcing anything on them. but those people don't get to decide that other intersex people who are part of the community/need the support and resources should be pushed out.""}",,,2 (positive/supportive),admin,,False,,1763,,Validated,2023-09-16 07:41:20.406423,{'text_length': 278}
13,"DM: ""I‚Äôm looking for a dicksucker in Flatbush"" 

Like to link or DM if DL.","{'text': 'DM: ""I‚Äôm looking for a dicksucker in Flatbush"" \n\nLike to link or DM if DL.'}",,,3 (neutral),admin,,False,,1764,,Validated,2023-09-16 07:41:20.406482,{'text_length': 74}
14,Finally @Rafinha üî•üî•üî• hope you're better than Lesbian M√†rio and Sbronzovic,"{'text': ""Finally @Rafinha üî•üî•üî• hope you're better than Lesbian M√†rio and Sbronzovic""}",,,3 (neutral),admin,,False,,1765,,Validated,2023-09-16 07:41:20.406532,{'text_length': 73}
15,I stg Jonathan from queer eye is turning into a fucking cryptid,{'text': 'I stg Jonathan from queer eye is turning into a fucking cryptid'},,,3 (neutral),admin,,False,,1766,,Validated,2023-09-16 07:41:20.406579,{'text_length': 63}
16,"Wow #CallTheMidwife are going through an #Intersex storyline - interestingly done, wonder how the intersex community feel about it? Opinions?","{'text': 'Wow #CallTheMidwife are going through an #Intersex storyline - interestingly done, wonder how the intersex community feel about it? Opinions?'}",,,3 (neutral),admin,,False,,1767,,Validated,2023-09-16 07:41:20.406625,{'text_length': 141}
17,I receive more discrimination for being a feminist than I do for being a lesbian. After all being a woman is the worst thing a human can be!,{'text': 'I receive more discrimination for being a feminist than I do for being a lesbian. After all being a woman is the worst thing a human can be!'},,,2 (positive/supportive),admin,,False,,1768,,Validated,2023-09-16 07:41:20.406671,{'text_length': 140}
18,i'm a lesbian man i only retweet the funny ones but i would say like 50% of openrp tweets are pretty good if you understand them.,"{'text': ""i'm a lesbian man i only retweet the funny ones but i would say like 50% of openrp tweets are pretty good if you understand them.""}",,,3 (neutral),admin,,False,,1769,,Validated,2023-09-16 07:41:20.406718,{'text_length': 129}
19,"me putting on clown makeup:
‚Äúi‚Äôm like the transexual big comfy couch bitch‚Äù",{'text': 'me putting on clown makeup:\n‚Äúi‚Äôm like the transexual big comfy couch bitch‚Äù'},,,3 (neutral),admin,,False,,1770,,Validated,2023-09-16 07:41:20.406764,{'text_length': 75}
20,Instead of firing missiles what if Samuss arm cannon shot an ultra sound that can only be heard by other lesbians.,{'text': 'Instead of firing missiles what if Samuss arm cannon shot an ultra sound that can only be heard by other lesbians.'},,,3 (neutral),admin,,False,,1771,,Validated,2023-09-16 07:41:20.406819,{'text_length': 114}
21,i hate national coming out day so much bc i just see the word QUEER everywhere and its such an ugly miserable word i wanna die lol,{'text': 'i hate national coming out day so much bc i just see the word QUEER everywhere and its such an ugly miserable word i wanna die lol'},,,4 (hateful/unsupportive),admin,,False,,1772,,Validated,2023-09-16 07:41:20.406865,{'text_length': 130}
22,"The word ""guys"" can be asexual or gendered. The word ""folks"" can be read as friendly or as patronizing. Language is complicated.","{'text': 'The word ""guys"" can be asexual or gendered. The word ""folks"" can be read as friendly or as patronizing. Language is complicated.'}",,,2 (positive/supportive),admin,,False,,1773,,Validated,2023-09-16 07:41:20.406910,{'text_length': 128}
23,BITCH DID YOU JUST ROLL YOUR EYES AND SIGH WHEN WE DEFINED LGBTQ?! DO WE NEED TO THROW DOWN?! #QPoCproblems,{'text': 'BITCH DID YOU JUST ROLL YOUR EYES AND SIGH WHEN WE DEFINED LGBTQ?! DO WE NEED TO THROW DOWN?! #QPoCproblems'},,,2 (positive/supportive),admin,,False,,1774,,Validated,2023-09-16 07:41:20.406978,{'text_length': 107}
24,"Im assuming lrt is trans girl hunk and
yessss",{'text': 'Im assuming lrt is trans girl hunk and\nyessss'},,,3 (neutral),admin,,False,,1775,,Validated,2023-09-16 07:41:20.407034,{'text_length': 45}
25,"wearp: we don't talk about waverly being bisexual bc she's in a committed relationship with nicole and it doesn't really matter üòî

also wearp: makes jokes about waverly being a lesbian every episode","{'text': ""wearp: we don't talk about waverly being bisexual bc she's in a committed relationship with nicole and it doesn't really matter üòî\n\nalso wearp: makes jokes about waverly being a lesbian every episode""}",,,3 (neutral),admin,,False,,1776,,Validated,2023-09-16 07:41:20.407082,{'text_length': 198}
26,Is there an american holiday queer folks hate more than thanksgiving?,{'text': 'Is there an american holiday queer folks hate more than thanksgiving?'},,,2 (positive/supportive),admin,,False,,1777,,Validated,2023-09-16 07:41:20.407130,{'text_length': 69}
27,"Buc-ees endorsing @DanPatrick is a slap in the face to Texans who are immigrants, LGBT, women, students or poor/middle-class. #boycottbucees","{'text': 'Buc-ees endorsing @DanPatrick is a slap in the face to Texans who are immigrants, LGBT, women, students or poor/middle-class. #boycottbucees'}",,,2 (positive/supportive),admin,,False,,1778,,Validated,2023-09-16 07:41:20.407175,{'text_length': 140}
28,Pick one Side... That bisexual shit is Dead,{'text': 'Pick one Side... That bisexual shit is Dead'},,,4 (hateful/unsupportive),admin,,False,,1779,,Validated,2023-09-16 07:41:20.407221,{'text_length': 43}
29,"When I was deeply closeted, I'd call the numbers for trans women listed in the Village Voice.  Just to hear their voices.","{'text': ""When I was deeply closeted, I'd call the numbers for trans women listed in the Village Voice.  Just to hear their voices.""}",,,2 (positive/supportive),admin,,False,,1780,,Validated,2023-09-16 07:41:20.407268,{'text_length': 121}
30,"""@priscilla_66: Never fuck with bisexual girls if you straight out lesbian yo ass will get hurt""üò∑ learned my lesson over and over and over.","{'text': '""@priscilla_66: Never fuck with bisexual girls if you straight out lesbian yo ass will get hurt""üò∑ learned my lesson over and over and over.'}",,,2 (positive/supportive),admin,,False,,1781,,Validated,2023-09-16 07:41:20.407324,{'text_length': 139}
31,"Heterosexual- Fuck You.

Homosexual- Fuck This.

Bisexual- Fuck You AND You.

Pansexual- Fuck Everything.

Asexual- Fuck No.",{'text': 'Heterosexual- Fuck You.\n\nHomosexual- Fuck This.\n\nBisexual- Fuck You AND You.\n\nPansexual- Fuck Everything.\n\nAsexual- Fuck No.'},,,2 (positive/supportive),admin,,False,,1782,,Validated,2023-09-16 07:41:20.407371,{'text_length': 124}
32,"Great just F*cking Great, Weinstein has now been described as intersex &amp; has apparently admitted this, (truth unknown). But I am sure the GC crowd will use this to 'prove' us untrustworthy &amp; or predatory he was described as, quote:  ""deformed or intersex"". Thanks @PinkNews","{'text': 'Great just F*cking Great, Weinstein has now been described as intersex &amp; has apparently admitted this, (truth unknown). But I am sure the GC crowd will use this to \'prove\' us untrustworthy &amp; or predatory he was described as, quote:  ""deformed or intersex"". Thanks @PinkNews'}",,,2 (positive/supportive),admin,,False,,1783,,Validated,2023-09-16 07:41:20.407417,{'text_length': 281}
33,"Hearing white gays complain about Pence not mentioning gay people when he addressed AIDS‚Äî-when those very same white gays have said NOTHING when AIDS narratives have failed to mention Black people, who are the most affected demo by AIDS‚Äîis very on brand. 

#WorldAIDSDay","{'text': 'Hearing white gays complain about Pence not mentioning gay people when he addressed AIDS‚Äî-when those very same white gays have said NOTHING when AIDS narratives have failed to mention Black people, who are the most affected demo by AIDS‚Äîis very on brand. \n\n#WorldAIDSDay'}",,,2 (positive/supportive),admin,,False,,1784,,Validated,2023-09-16 07:41:20.407473,{'text_length': 270}
34,Late night #lgbt #Comedy 00:45 counting house loft #ComedyQueers featuring @TomMayhew @rik_wolters @abcelya @ab_silvera and scout boxall. A big #queer party every. Single. Night #EdFringe üåàüçÜüíãüî• get down early for a seat!,{'text': 'Late night #lgbt #Comedy 00:45 counting house loft #ComedyQueers featuring @TomMayhew @rik_wolters @abcelya @ab_silvera and scout boxall. A big #queer party every. Single. Night #EdFringe üåàüçÜüíãüî• get down early for a seat!'},,,2 (positive/supportive),admin,,False,,1785,,Validated,2023-09-16 07:41:20.407523,{'text_length': 219}
35,"People who are like ""aw ur a trans boy so soft and must be protected uwu my cinnamon roll&lt;3"" really fucking irk me","{'text': 'People who are like ""aw ur a trans boy so soft and must be protected uwu my cinnamon roll&lt;3"" really fucking irk me'}",,,2 (positive/supportive),admin,,False,,1786,,Validated,2023-09-16 07:41:20.407569,{'text_length': 117}
36,A str8 that can have gay banter is 1000% more attractive than a no homo str8,{'text': 'A str8 that can have gay banter is 1000% more attractive than a no homo str8'},,,3 (neutral),admin,,False,,1787,,Validated,2023-09-16 07:41:20.407623,{'text_length': 76}
37,jameson is right behind nadine my bisexual ass is shaking,{'text': 'jameson is right behind nadine my bisexual ass is shaking'},,,3 (neutral),admin,,False,,1788,,Validated,2023-09-16 07:41:20.407671,{'text_length': 57}
38,LGBT relationships dont just exist for porn üëèüëèüëèüëè,{'text': 'LGBT relationships dont just exist for porn üëèüëèüëèüëè'},,,2 (positive/supportive),admin,,False,,1789,,Validated,2023-09-16 07:41:20.407801,{'text_length': 48}
39,Wtf wrong with these dumb ass lesbians &amp; dykes .,{'text': 'Wtf wrong with these dumb ass lesbians &amp; dykes .'},,,4 (hateful/unsupportive),admin,,False,,1790,,Validated,2023-09-16 07:41:20.407873,{'text_length': 52}
40,"Hence why we cannot continue to silence the voices of our marginalized skin folk, like Black women, LGBT, Disabled, etc.","{'text': 'Hence why we cannot continue to silence the voices of our marginalized skin folk, like Black women, LGBT, Disabled, etc.'}",,,2 (positive/supportive),admin,,False,,1791,,Validated,2023-09-16 07:41:20.407933,{'text_length': 120}
41,Al final me hago asexual,{'text': 'Al final me hago asexual'},,,3 (neutral),admin,,False,,1792,,Validated,2023-09-16 07:41:20.408000,{'text_length': 24}
42,Remember that time that James Arthur called someone a ‚Äúf***ing queer‚Äù.,{'text': 'Remember that time that James Arthur called someone a ‚Äúf***ing queer‚Äù.'},,,3 (neutral),admin,,False,,1793,,Validated,2023-09-16 07:41:20.408053,{'text_length': 70}
43,"I support gay, black, brown, bi, lesbian, non-binary, trans, fluid, female people. I support every single person who needs supporting.","{'text': 'I support gay, black, brown, bi, lesbian, non-binary, trans, fluid, female people. I support every single person who needs supporting.'}",,,1 (extremely positive/supportive),admin,,False,,1794,,Validated,2023-09-16 07:41:20.408100,{'text_length': 134}
44,#skypapers Transgender bollocks. The world is truly fucking Mental!  Why do the left have to micro manage everything!  Awful woman!,{'text': '#skypapers Transgender bollocks. The world is truly fucking Mental!  Why do the left have to micro manage everything!  Awful woman!'},,,4 (hateful/unsupportive),admin,,False,,1795,,Validated,2023-09-16 07:41:20.408147,{'text_length': 131}
45,"I've been with the big ghey for 6 months now?? 6 MONTHS? THATS HALF A FRICKIN YEAR! AAAAAAAAAAH, also I love you. ‚ù§Ô∏è@AkacciaVR","{'text': ""I've been with the big ghey for 6 months now?? 6 MONTHS? THATS HALF A FRICKIN YEAR! AAAAAAAAAAH, also I love you. ‚ù§Ô∏è@AkacciaVR""}",,,2 (positive/supportive),admin,,False,,1796,,Validated,2023-09-16 07:41:20.408194,{'text_length': 126}
46,‚Äú@marro_nick: whoever post tweets about yolo is fucking queer #faggots‚Äù yolo,{'text': '‚Äú@marro_nick: whoever post tweets about yolo is fucking queer #faggots‚Äù yolo'},,,4 (hateful/unsupportive),admin,,False,,1797,,Validated,2023-09-16 07:41:20.408242,{'text_length': 76}
47,Queer ass ref ended the game when we were about to scoreüòÑüòÑ,{'text': 'Queer ass ref ended the game when we were about to scoreüòÑüòÑ'},,,3 (neutral),admin,,False,,1798,,Validated,2023-09-16 07:41:20.408291,{'text_length': 58}
48,"I need someone cute &amp; queer willing to be fisted in the ass for @FistingDay. I have small hands and will take it nice and slow, promise!","{'text': 'I need someone cute &amp; queer willing to be fisted in the ass for @FistingDay. I have small hands and will take it nice and slow, promise!'}",,,3 (neutral),admin,,False,,1799,,Validated,2023-09-16 07:41:20.408344,{'text_length': 140}
49,Once I Get A Pro-Am Team Yall gone hear about me üíØ This park/stage shit is too much hate and dicksucking... Pro-Am Is more quiet and respectedüíØ They can take a loss lol you niggas take 1 loss then wanna run a series like nobody wanna play yall all day üòÇ,{'text': 'Once I Get A Pro-Am Team Yall gone hear about me üíØ This park/stage shit is too much hate and dicksucking... Pro-Am Is more quiet and respectedüíØ They can take a loss lol you niggas take 1 loss then wanna run a series like nobody wanna play yall all day üòÇ'},,,3 (neutral),admin,,False,,1800,,Validated,2023-09-16 07:41:20.408391,{'text_length': 253}
50,"thanks @twitter for censoring photos tagged as #bisexual, it was a really stand up move from y'all assholes against a group which is","{'text': ""thanks @twitter for censoring photos tagged as #bisexual, it was a really stand up move from y'all assholes against a group which is""}",,,4 (hateful/unsupportive),admin,,False,,1801,,Validated,2023-09-16 07:41:20.408454,{'text_length': 132}
51,From you fucking snitches made @zaaaay31 private his page my TL has been lame asf! Might as well delete me fucking twitter... idk if unuh think going back to the baits ago mek dem fuck unuh! Typical sad battyman ü§¨ü§¨ü§¨ü§¨,{'text': 'From you fucking snitches made @zaaaay31 private his page my TL has been lame asf! Might as well delete me fucking twitter... idk if unuh think going back to the baits ago mek dem fuck unuh! Typical sad battyman ü§¨ü§¨ü§¨ü§¨'},,,4 (hateful/unsupportive),admin,,False,,1802,,Validated,2023-09-16 07:41:20.408504,{'text_length': 216}
52,i forget steve rogers isnt canonically bisexual on the daily,{'text': 'i forget steve rogers isnt canonically bisexual on the daily'},,,3 (neutral),admin,,False,,1803,,Validated,2023-09-16 07:41:20.408552,{'text_length': 60}
53,"""I talk like I'm a champion dicksucker but I can't even open my mouth""
-@Y0UNGBAES","{'text': '""I talk like I\'m a champion dicksucker but I can\'t even open my mouth""\n-@Y0UNGBAES'}",,,3 (neutral),admin,,False,,1804,,Validated,2023-09-16 07:41:20.408599,{'text_length': 82}
54,Hold the fuck up: so I type in LESBIANS OF COLOR into tumblr &amp; you know that I get? WHITE LESBIANS WITH COLORED HAIR. I'm going to scream,"{'text': ""Hold the fuck up: so I type in LESBIANS OF COLOR into tumblr &amp; you know that I get? WHITE LESBIANS WITH COLORED HAIR. I'm going to scream""}",,,3 (neutral),admin,,False,,1805,,Validated,2023-09-16 07:41:20.408645,{'text_length': 141}
55,.@BarackObama @WhiteHouse A good legacy? Federal recognition of people born #Intersex. Change the unjust female/male binary system! #LGBTI,{'text': '.@BarackObama @WhiteHouse A good legacy? Federal recognition of people born #Intersex. Change the unjust female/male binary system! #LGBTI'},,,2 (positive/supportive),admin,,False,,1806,,Validated,2023-09-16 07:41:20.408691,{'text_length': 138}
56,not to be gay but i think ive been feeling sad cause i havent gotten to hangout w Rin or Lilith lately,{'text': 'not to be gay but i think ive been feeling sad cause i havent gotten to hangout w Rin or Lilith lately'},,,2 (positive/supportive),admin,,False,,1807,,Validated,2023-09-16 07:41:20.408736,{'text_length': 102}
57,"I‚Äôm not prejudice... I‚Äôm far from it... I‚Äôm not racist, homophobic nothing... But god forbid you said anything about a gay person, or transsexual cause you‚Äôd be kicked out straight away... But he‚Äôs cool to casually drop NIGGA BOY twice!!! @bbuk your having a laugh! #CBBUK","{'text': 'I‚Äôm not prejudice... I‚Äôm far from it... I‚Äôm not racist, homophobic nothing... But god forbid you said anything about a gay person, or transsexual cause you‚Äôd be kicked out straight away... But he‚Äôs cool to casually drop NIGGA BOY twice!!! @bbuk your having a laugh! #CBBUK'}",,,2 (positive/supportive),admin,,False,,1808,,Validated,2023-09-16 07:41:20.408785,{'text_length': 272}
58,It‚Äôs so dicks that what we all used to think Ciara was a tranny,{'text': 'It‚Äôs so dicks that what we all used to think Ciara was a tranny'},,,3 (neutral),admin,,False,,1809,,Validated,2023-09-16 07:41:20.408831,{'text_length': 63}
59,"I see Kenma as ace or as ‚Äúfuck me, choke me, break me‚Äù. He's either asexual or into kinky stuff (or both). Kenma liking normal sex is‚Ä¶ odd.","{'text': ""I see Kenma as ace or as ‚Äúfuck me, choke me, break me‚Äù. He's either asexual or into kinky stuff (or both). Kenma liking normal sex is‚Ä¶ odd.""}",,,3 (neutral),admin,,False,,1810,,Validated,2023-09-16 07:41:20.408878,{'text_length': 139}
60,"My dad answered correctly on Jeopardy &amp; the answer was ""Little Miss Sunshine"" 

&amp; my mom deadass goes ""Are u gay? Like how did u know that?""","{'text': 'My dad answered correctly on Jeopardy &amp; the answer was ""Little Miss Sunshine"" \n\n&amp; my mom deadass goes ""Are u gay? Like how did u know that?""'}",,,2 (positive/supportive),admin,,False,,1811,,Validated,2023-09-16 07:41:20.408932,{'text_length': 148}
61,All the gays are proper fucked tonight #pride,{'text': 'All the gays are proper fucked tonight #pride'},,,3 (neutral),admin,,False,,1812,,Validated,2023-09-16 07:41:20.408998,{'text_length': 45}
62,Ok so like I don‚Äôt mention this kind of stuff often because I don‚Äôt have a strong afiiliation with the LGBT but anyone who tries to say that police or asexual people can‚Äôt participate in pride month are asses,{'text': 'Ok so like I don‚Äôt mention this kind of stuff often because I don‚Äôt have a strong afiiliation with the LGBT but anyone who tries to say that police or asexual people can‚Äôt participate in pride month are asses'},,,2 (positive/supportive),admin,,False,,1813,,Validated,2023-09-16 07:41:20.409057,{'text_length': 208}
63,"As a woman, feminist, asexual, LGBTQIA, half deaf &amp; have mental health problems Fuck Donald Trump üò°","{'text': 'As a woman, feminist, asexual, LGBTQIA, half deaf &amp; have mental health problems Fuck Donald Trump üò°'}",,,2 (positive/supportive),admin,,False,,1814,,Validated,2023-09-16 07:41:20.409106,{'text_length': 103}
64,"11 years old with a lip piercing, shaved head &amp; ""bisexual""? Willow Smith needs to be sent to live with her aunty &amp; uncle in Bel Air","{'text': '11 years old with a lip piercing, shaved head &amp; ""bisexual""? Willow Smith needs to be sent to live with her aunty &amp; uncle in Bel Air'}",,,4 (hateful/unsupportive),admin,,False,,1815,,Validated,2023-09-16 07:41:20.409152,{'text_length': 139}
65,IMAGINE BEING QUEER AND FAT WITH SEVERE ADHD AND NO IMMEDIATE FAMILY,{'text': 'IMAGINE BEING QUEER AND FAT WITH SEVERE ADHD AND NO IMMEDIATE FAMILY'},,,2 (positive/supportive),admin,,False,,1816,,Validated,2023-09-16 07:41:20.409198,{'text_length': 68}
66,Me telling anyone to move to Washington: we have weed and gays,{'text': 'Me telling anyone to move to Washington: we have weed and gays'},,,2 (positive/supportive),admin,,False,,1817,,Validated,2023-09-16 07:41:20.409244,{'text_length': 62}
67,"People complain about gay/trans/intersex characters on TV like it's an epidemic, but it doesn't compare to the hetero white able-bodied men.","{'text': ""People complain about gay/trans/intersex characters on TV like it's an epidemic, but it doesn't compare to the hetero white able-bodied men.""}",,,2 (positive/supportive),admin,,False,,1818,,Validated,2023-09-16 07:41:20.409290,{'text_length': 140}
68,Cry some more about the your clown fish #queer,{'text': 'Cry some more about the your clown fish #queer'},,,3 (neutral),admin,,False,,1819,,Validated,2023-09-16 07:41:20.409334,{'text_length': 46}
69,this is a reminder that asexual people are real and it is okay to be asexual and can identify themselves as part of the queer community (if they feel comfortable doing so) and people who don't agree can go fucking jump in a ditch idc,"{'text': ""this is a reminder that asexual people are real and it is okay to be asexual and can identify themselves as part of the queer community (if they feel comfortable doing so) and people who don't agree can go fucking jump in a ditch idc""}",,,2 (positive/supportive),admin,,False,,1820,,Validated,2023-09-16 07:41:20.409377,{'text_length': 233}
70,I only mentioned the gay parade once and now my mom thinks I'm bisexual üôÉüòÇ,"{'text': ""I only mentioned the gay parade once and now my mom thinks I'm bisexual üôÉüòÇ""}",,,2 (positive/supportive),admin,,False,,1821,,Validated,2023-09-16 07:41:20.409432,{'text_length': 74}
71,Happy Pride #Cornwall. Looking forward to seeing the parade go past the museum #equality #LGBTQIA üåàüåà,{'text': 'Happy Pride #Cornwall. Looking forward to seeing the parade go past the museum #equality #LGBTQIA üåàüåà'},,,2 (positive/supportive),admin,,False,,1822,,Validated,2023-09-16 07:41:20.409488,{'text_length': 100}
72,"Lesbian Groupchat on Imessage üè≥Ô∏è‚Äçüåàüè≥Ô∏è‚Äçüåà 

21 &amp; Up can Join ‚ÄºÔ∏è",{'text': 'Lesbian Groupchat on Imessage üè≥Ô∏è\u200düåàüè≥Ô∏è\u200düåà \n\n21 &amp; Up can Join ‚ÄºÔ∏è'},,,3 (neutral),admin,,False,,1823,,Validated,2023-09-16 07:41:20.409534,{'text_length': 64}
73,"An asexual, a pansexual, and a sapiosexual go out to a club. No Type comes on, they all start fucking it up. Nobody understands how funny it is.","{'text': 'An asexual, a pansexual, and a sapiosexual go out to a club. No Type comes on, they all start fucking it up. Nobody understands how funny it is.'}",,,2 (positive/supportive),admin,,False,,1824,,Validated,2023-09-16 07:41:20.409578,{'text_length': 144}
74,Death penalty for any gays that spoil drag race,{'text': 'Death penalty for any gays that spoil drag race'},,,3 (neutral),admin,,False,,1825,,Validated,2023-09-16 07:41:20.409622,{'text_length': 47}
75,"Yes, Trump held the pride flag but the fucking cocksucker held it upside and I'm sorry but if you're against gays that's just an insult.","{'text': ""Yes, Trump held the pride flag but the fucking cocksucker held it upside and I'm sorry but if you're against gays that's just an insult.""}",,,3 (neutral),admin,,False,,1826,,Validated,2023-09-16 07:41:20.409666,{'text_length': 136}
76,"In the year of our lord 2017 a girl in my class just tried to say ""LGBT"" but fucked it up and then just said ""eh whatever"" :///","{'text': 'In the year of our lord 2017 a girl in my class just tried to say ""LGBT"" but fucked it up and then just said ""eh whatever"" :///'}",,,3 (neutral),admin,,False,,1827,,Validated,2023-09-16 07:41:20.409710,{'text_length': 127}
77,"In my head, I am asexual 87% of the time.","{'text': 'In my head, I am asexual 87% of the time.'}",,,2 (positive/supportive),admin,,False,,1828,,Validated,2023-09-16 07:41:20.409756,{'text_length': 41}
78,It's hard to just say bye to the mess that is the #Evangelical church when it was there I first encountered the love of #Christ. #LGBT,"{'text': ""It's hard to just say bye to the mess that is the #Evangelical church when it was there I first encountered the love of #Christ. #LGBT""}",,,3 (neutral),admin,,False,,1829,,Validated,2023-09-16 07:41:20.409803,{'text_length': 134}
79,"I don't care if you're black, white, straight, bisexual, gay or lesbian. If you're nice to me, I'll be nice to you. Simple as that.","{'text': ""I don't care if you're black, white, straight, bisexual, gay or lesbian. If you're nice to me, I'll be nice to you. Simple as that.""}",,,2 (positive/supportive),admin,,False,,1830,,Validated,2023-09-16 07:41:20.409848,{'text_length': 131}
80,LESBIAN GAY BISEXUAL TRANSGENDER QUEER/QUESTIONING INTERSEX ASEXUAL/AGENDER FUCK RIGHT THE FUCK OFF YOU GENERALIZING PIECE OF GARBAGE,{'text': 'LESBIAN GAY BISEXUAL TRANSGENDER QUEER/QUESTIONING INTERSEX ASEXUAL/AGENDER FUCK RIGHT THE FUCK OFF YOU GENERALIZING PIECE OF GARBAGE'},,,2 (positive/supportive),admin,,False,,1831,,Validated,2023-09-16 07:41:20.409902,{'text_length': 133}
81,"""Having a large clitoris - that's not a bad thing!"" -- Tony Briffa #intersex #bettertogether2018","{'text': '""Having a large clitoris - that\'s not a bad thing!"" -- Tony Briffa #intersex #bettertogether2018'}",,,3 (neutral),admin,,False,,1832,,Validated,2023-09-16 07:41:20.409947,{'text_length': 96}
82,"So so sad:( Gay teens starved, tortured, killed at camp to turn them into ‚Äòmen‚Äô #LGBT","{'text': 'So so sad:( Gay teens starved, tortured, killed at camp to turn them into ‚Äòmen‚Äô #LGBT'}",,,2 (positive/supportive),admin,,False,,1833,,Validated,2023-09-16 07:41:20.410012,{'text_length': 85}
83,"I was more shocked by the fact that God ate bacon, than that he was bisexual.","{'text': 'I was more shocked by the fact that God ate bacon, than that he was bisexual.'}",,,2 (positive/supportive),admin,,False,,1834,,Validated,2023-09-16 07:41:20.410059,{'text_length': 77}
84,how are we gonna have a cisgender woman playing a transgender man when we literally have all these hot ass trans men actors out here waiting to take a fucking role cuz they don‚Äôt get casted for shit but then act all inclusive,{'text': 'how are we gonna have a cisgender woman playing a transgender man when we literally have all these hot ass trans men actors out here waiting to take a fucking role cuz they don‚Äôt get casted for shit but then act all inclusive'},,,2 (positive/supportive),admin,,False,,1835,,Validated,2023-09-16 07:41:20.410105,{'text_length': 225}
85,"""Artificially manufactured femininity"" internet mil gaya tou kuch bhi bolo gey?","{'text': '""Artificially manufactured femininity"" internet mil gaya tou kuch bhi bolo gey?'}",,,3 (neutral),admin,,False,,1836,,Validated,2023-09-16 07:41:20.410148,{'text_length': 79}
86,Adele's bisexual ex-boyfriend dumped her to pursue her gay best friend.,"{'text': ""Adele's bisexual ex-boyfriend dumped her to pursue her gay best friend.""}",,,2 (positive/supportive),admin,,False,,1837,,Validated,2023-09-16 07:41:20.410192,{'text_length': 71}
87,#BigData #Analytics #BI Great people to follow #FS @donalddotfarmer @entwistletx @KJCox @hackathorn @Stray__Cat @peteschlampp @TonyCarrini,{'text': '#BigData #Analytics #BI Great people to follow #FS @donalddotfarmer @entwistletx @KJCox @hackathorn @Stray__Cat @peteschlampp @TonyCarrini'},,,3 (neutral),admin,,False,,1838,,Validated,2023-09-16 07:41:20.410235,{'text_length': 138}
88,"alex is having a little trouble with the notes since his voice is so low but his acting choices are PRIME they‚Äôre incredible love him 

also it‚Äôs nice having someone gay play gay icon squidward q tentacles",{'text': 'alex is having a little trouble with the notes since his voice is so low but his acting choices are PRIME they‚Äôre incredible love him \n\nalso it‚Äôs nice having someone gay play gay icon squidward q tentacles'},,,3 (neutral),admin,,False,,1839,,Validated,2023-09-16 07:41:20.410279,{'text_length': 205}
89,"In a recent survey, 29% of #trans patients said a doctor/healthcare provider refused to see them because of their gender identity. That‚Äôs just one reason we‚Äôre hosting #FairShare4Equality this Friday in LA ‚Äî to find solutions to the health disparities our #LGBTQ community faces.","{'text': 'In a recent survey, 29% of #trans patients said a doctor/healthcare provider refused to see them because of their gender identity. That‚Äôs just one reason we‚Äôre hosting #FairShare4Equality this Friday in LA ‚Äî to find solutions to the health disparities our #LGBTQ community faces.'}",,,2 (positive/supportive),admin,,False,,1840,,Validated,2023-09-16 07:41:20.410324,{'text_length': 279}
90,I love being a transsexual,{'text': 'I love being a transsexual'},,,2 (positive/supportive),admin,,False,,1841,,Validated,2023-09-16 07:41:20.410375,{'text_length': 26}
91,"If you're interested in submitting an article for inclusion on The Asexual, topics do not necessarily have to intersect with asexuality.","{'text': ""If you're interested in submitting an article for inclusion on The Asexual, topics do not necessarily have to intersect with asexuality.""}",,,2 (positive/supportive),admin,,False,,1842,,Validated,2023-09-16 07:41:20.410422,{'text_length': 136}
92,Any shemales want to chat?üòè Dm  me or add my snapchat : themaledevil16 #shemale #ladyboy #tranny #shemalesex #cum,{'text': 'Any shemales want to chat?üòè Dm  me or add my snapchat : themaledevil16 #shemale #ladyboy #tranny #shemalesex #cum'},,,3 (neutral),admin,,False,,1843,,Validated,2023-09-16 07:41:20.410476,{'text_length': 113}
93,I just wanna grab every little girl I see and tell them to be a lesbian,{'text': 'I just wanna grab every little girl I see and tell them to be a lesbian'},,,2 (positive/supportive),admin,,False,,1844,,Validated,2023-09-16 07:41:20.410524,{'text_length': 71}
94,"Reminder that saying something you don‚Äôt like is ‚Äúretarded‚Äù is ablest and shitty. I know it‚Äôs embedded in a lot of people‚Äôs vocabulary, but I haven‚Äôt heard ‚Äúthat‚Äôs so gay‚Äù used to mean something bad in years so I know it‚Äôs possible. Just put in some effort.","{'text': 'Reminder that saying something you don‚Äôt like is ‚Äúretarded‚Äù is ablest and shitty. I know it‚Äôs embedded in a lot of people‚Äôs vocabulary, but I haven‚Äôt heard ‚Äúthat‚Äôs so gay‚Äù used to mean something bad in years so I know it‚Äôs possible. Just put in some effort.'}",,,2 (positive/supportive),admin,,False,,1845,,Validated,2023-09-16 07:41:20.410570,{'text_length': 257}
95,"YiKES one show has it all from queer baiting, cutting jokes, erasure of asexual jughead, and statutory rape  
#cwcancelriverdale","{'text': 'YiKES one show has it all from queer baiting, cutting jokes, erasure of asexual jughead, and statutory rape  \n#cwcancelriverdale'}",,,3 (neutral),admin,,False,,1846,,Validated,2023-09-16 07:41:20.410614,{'text_length': 128}
96,shoutout to the end of the f***ing world for having lgbt representation that isn‚Äôt overly dramatised or sexualized WE NEED MORE OF THAT,{'text': 'shoutout to the end of the f***ing world for having lgbt representation that isn‚Äôt overly dramatised or sexualized WE NEED MORE OF THAT'},,,2 (positive/supportive),admin,,False,,1847,,Validated,2023-09-16 07:41:20.410659,{'text_length': 135}
97,"People judge those unemployed saying ""get a job"" but then when you try to reverse your situation they can apply only online,they need to do a multiple choice common sense test,&amp; have to go through 3 interviews just for these cocksuckers to say ""you didn't get the job"" #FuckEmAll","{'text': 'People judge those unemployed saying ""get a job"" but then when you try to reverse your situation they can apply only online,they need to do a multiple choice common sense test,&amp; have to go through 3 interviews just for these cocksuckers to say ""you didn\'t get the job"" #FuckEmAll'}",,,2 (positive/supportive),admin,,False,,1848,,Validated,2023-09-16 07:41:20.410704,{'text_length': 283}
98,My 9 year old sister called me a lesbian. Cool.,{'text': 'My 9 year old sister called me a lesbian. Cool.'},,,2 (positive/supportive),admin,,False,,1849,,Validated,2023-09-16 07:41:20.410750,{'text_length': 47}
99,Cool trans stuff: getting to see Penny's breasts coming in ^_^,"{'text': ""Cool trans stuff: getting to see Penny's breasts coming in ^_^""}",,,3 (neutral),admin,,False,,1850,,Validated,2023-09-16 07:41:20.410794,{'text_length': 62}
100,Cops just b starin like some faggots,{'text': 'Cops just b starin like some faggots'},,,4 (hateful/unsupportive),admin,,False,,1851,,Validated,2023-09-16 07:41:20.410847,{'text_length': 36}
101,good morning from this useless ikuhara lesbian btw,{'text': 'good morning from this useless ikuhara lesbian btw'},,,3 (neutral),admin,,False,,1852,,Validated,2023-09-16 07:41:20.410893,{'text_length': 50}
102,"Straight
Gay
Bisexual
Lesbian
Homosexual
Transgender
A person is a person and they deserve to be treated with respectüè≥Ô∏è‚Äçüåà
#IStandWithShane",{'text': 'Straight\nGay\nBisexual\nLesbian\nHomosexual\nTransgender\nA person is a person and they deserve to be treated with respectüè≥Ô∏è\u200düåà\n#IStandWithShane'},,,1 (extremely positive/supportive),admin,,False,,1853,,Validated,2023-09-16 07:41:20.410940,{'text_length': 138}
103,What is up with transphobic intersex people?,{'text': 'What is up with transphobic intersex people?'},,,3 (neutral),admin,,False,,1854,,Validated,2023-09-16 07:41:20.411005,{'text_length': 44}
104,I've fully come to the conclusion that I am Asexual and I honestly feel better now that I can put on label on how I feel.,"{'text': ""I've fully come to the conclusion that I am Asexual and I honestly feel better now that I can put on label on how I feel.""}",,,1 (extremely positive/supportive),admin,,False,,1855,,Validated,2023-09-16 07:41:20.411052,{'text_length': 121}
105,Tom Cruise is a tiny little transsexual man.,{'text': 'Tom Cruise is a tiny little transsexual man.'},,,3 (neutral),admin,,False,,1856,,Validated,2023-09-16 07:41:20.411097,{'text_length': 44}
106,homophobia needs to end. stereotypes about the LGBT community need to stop. using the word ‚Äògay‚Äô incorrectly needs to stop. using the words ‚Äòfag‚Äô and ‚Äòfaggot‚Äô need to fucking stop. and no we‚Äôre not being overly sensitive because we‚Äôre literally being attacked and killed every day,{'text': 'homophobia needs to end. stereotypes about the LGBT community need to stop. using the word ‚Äògay‚Äô incorrectly needs to stop. using the words ‚Äòfag‚Äô and ‚Äòfaggot‚Äô need to fucking stop. and no we‚Äôre not being overly sensitive because we‚Äôre literally being attacked and killed every day'},,,1 (extremely positive/supportive),admin,,False,,1857,,Validated,2023-09-16 07:41:20.411143,{'text_length': 280}
107,"Big fan of the absence of traditional opening credits on TV shows. ‚ÄòThe Bisexual‚Äô (which is brilliant, btw) is doing the same as ‚ÄòAtlanta‚Äô - love how it makes the start flow better","{'text': 'Big fan of the absence of traditional opening credits on TV shows. ‚ÄòThe Bisexual‚Äô (which is brilliant, btw) is doing the same as ‚ÄòAtlanta‚Äô - love how it makes the start flow better'}",,,3 (neutral),admin,,False,,1858,,Validated,2023-09-16 07:41:20.411191,{'text_length': 180}
108,two girls found out i was bi and tried to talk to me about how they think gay people shouldnt be in children's media and im like how the Fuck did you find out i was bi???,"{'text': ""two girls found out i was bi and tried to talk to me about how they think gay people shouldnt be in children's media and im like how the Fuck did you find out i was bi???""}",,,2 (positive/supportive),admin,,False,,1859,,Validated,2023-09-16 07:41:20.411238,{'text_length': 170}
109,Snuck in a quick climb before heading to @LEAPsports for the start of the trans &amp; intersex/dsd team weekend!! We're off to Oban for hill adventures! #hills4happiness,"{'text': ""Snuck in a quick climb before heading to @LEAPsports for the start of the trans &amp; intersex/dsd team weekend!! We're off to Oban for hill adventures! #hills4happiness""}",,,3 (neutral),admin,,False,,1860,,Validated,2023-09-16 07:41:20.411285,{'text_length': 169}
110,anyway if youre Not A Trans Woman you shouldnt be trying to 'reclaim' stuff that draws from harmful stereotypes of them and if youre Not Intersex you shouldnt be trying to 'reclaim' stuff that draws from harmful stereotypes of us. that shit isnt yours to reclaim,"{'text': ""anyway if youre Not A Trans Woman you shouldnt be trying to 'reclaim' stuff that draws from harmful stereotypes of them and if youre Not Intersex you shouldnt be trying to 'reclaim' stuff that draws from harmful stereotypes of us. that shit isnt yours to reclaim""}",,,3 (neutral),admin,,False,,1861,,Validated,2023-09-16 07:41:20.411338,{'text_length': 262}
111,"I just described my gay fanfic to my male nerd friend for half an hour. I'm so proud of it and I've worked so hard to make it great and I feel like I'm past halfway done.
He seems game to read it. :-)
GO ME. üòÇüòÇüòÇ","{'text': ""I just described my gay fanfic to my male nerd friend for half an hour. I'm so proud of it and I've worked so hard to make it great and I feel like I'm past halfway done.\nHe seems game to read it. :-)\nGO ME. üòÇüòÇüòÇ""}",,,2 (positive/supportive),admin,,False,,1862,,Validated,2023-09-16 07:41:20.411385,{'text_length': 211}
112,tfw the VIXX members are so hot they literally break down the asexual in the group chat,{'text': 'tfw the VIXX members are so hot they literally break down the asexual in the group chat'},,,3 (neutral),admin,,False,,1863,,Validated,2023-09-16 07:41:20.411431,{'text_length': 87}
113,Still tryna figure out how ima headass fa disliking how some lesbians treat bisexuals??? It‚Äôs my opinion fa a fuckin reason smh,{'text': 'Still tryna figure out how ima headass fa disliking how some lesbians treat bisexuals??? It‚Äôs my opinion fa a fuckin reason smh'},,,3 (neutral),admin,,False,,1864,,Validated,2023-09-16 07:41:20.411486,{'text_length': 127}
114,Asexual? More like a sexual bitch,{'text': 'Asexual? More like a sexual bitch'},,,3 (neutral),admin,,False,,1865,,Validated,2023-09-16 07:41:20.411532,{'text_length': 33}
115,Am I about to write to the authors of this textbook to tell them their info on intersex and transgender patients is outdated and dangerous? Perhaps,{'text': 'Am I about to write to the authors of this textbook to tell them their info on intersex and transgender patients is outdated and dangerous? Perhaps'},,,2 (positive/supportive),admin,,False,,1866,,Validated,2023-09-16 07:41:20.411576,{'text_length': 147}
116,I've got to piss so bad I can taste it and this faggot won't pull over. I'm about to pull my dick out in the truck and piss in a cup.,"{'text': ""I've got to piss so bad I can taste it and this faggot won't pull over. I'm about to pull my dick out in the truck and piss in a cup.""}",,,4 (hateful/unsupportive),admin,,False,,1867,,Validated,2023-09-16 07:41:20.411621,{'text_length': 133}
117,so i think i never officially came out on here but yeah i think im bisexual i dont really know anyways!,{'text': 'so i think i never officially came out on here but yeah i think im bisexual i dont really know anyways!'},,,1 (extremely positive/supportive),admin,,False,,1868,,Validated,2023-09-16 07:41:20.411666,{'text_length': 103}
118,Don't forget to check out our new Facebook page @pridematters1 #lgbt #LGBTrights #equality #transgender #asexual #intersex #gay,"{'text': ""Don't forget to check out our new Facebook page @pridematters1 #lgbt #LGBTrights #equality #transgender #asexual #intersex #gay""}",,,2 (positive/supportive),admin,,False,,1869,,Validated,2023-09-16 07:41:20.411712,{'text_length': 127}
119,Can't wait to get married to all of my queer pals!!!!!!,"{'text': ""Can't wait to get married to all of my queer pals!!!!!!""}",,,2 (positive/supportive),admin,,False,,1870,,Validated,2023-09-16 07:41:20.411759,{'text_length': 55}
120,Sam Smith is a batty boy,{'text': 'Sam Smith is a batty boy'},,,5 (extremely hateful/unsupportive),admin,,False,,1871,,Validated,2023-09-16 07:41:20.411814,{'text_length': 24}
121,Ok guys sorry to offend anyone im just a lesbian who has never had sex with a man that does not mean i see u any less of a lesbian ffs,{'text': 'Ok guys sorry to offend anyone im just a lesbian who has never had sex with a man that does not mean i see u any less of a lesbian ffs'},,,3 (neutral),admin,,False,,1872,,Validated,2023-09-16 07:41:20.411861,{'text_length': 134}
122,Fuk geordie shore full of batty men n sweaty gal,{'text': 'Fuk geordie shore full of batty men n sweaty gal'},,,4 (hateful/unsupportive),admin,,False,,1873,,Validated,2023-09-16 07:41:20.411906,{'text_length': 48}
123,Still trying to personally unlearn the language I have towards intersex. My own experience has been so heavily medicalised that I can‚Äôt help but to say ‚Äúcondition‚Äù and then cringe and have to correct myself. I‚Äôm training myself to move towards ‚Äúvariation‚Äù where possible.,{'text': 'Still trying to personally unlearn the language I have towards intersex. My own experience has been so heavily medicalised that I can‚Äôt help but to say ‚Äúcondition‚Äù and then cringe and have to correct myself. I‚Äôm training myself to move towards ‚Äúvariation‚Äù where possible.'},,,1 (extremely positive/supportive),admin,,False,,1874,,Validated,2023-09-16 07:41:20.411952,{'text_length': 271}
124,"Based on my latest Google Ads, I think my computer thinks I'm a lesbian mom of at least 3, married to someone in a corporate position who travels often. Only 2 of those things are true lol.","{'text': ""Based on my latest Google Ads, I think my computer thinks I'm a lesbian mom of at least 3, married to someone in a corporate position who travels often. Only 2 of those things are true lol.""}",,,3 (neutral),admin,,False,,1875,,Validated,2023-09-16 07:41:20.412018,{'text_length': 189}
125,Great news: #vancouver @VancouverPD's #LGBTQs  #lgbt #trans liaison is on twitter -&gt; @Dale2075 . Looking fwd to good relationship.,"{'text': ""Great news: #vancouver @VancouverPD's #LGBTQs  #lgbt #trans liaison is on twitter -&gt; @Dale2075 . Looking fwd to good relationship.""}",,,2 (positive/supportive),admin,,False,,1876,,Validated,2023-09-16 07:41:20.412064,{'text_length': 133}
126,"Chromosomal intersex anomalies are about as common as being left-handed. 

Might want to check your own karyotypes before you go scream at trans people about where they can and can‚Äôt take a shit.",{'text': 'Chromosomal intersex anomalies are about as common as being left-handed. \n\nMight want to check your own karyotypes before you go scream at trans people about where they can and can‚Äôt take a shit.'},,,2 (positive/supportive),admin,,False,,1877,,Validated,2023-09-16 07:41:20.412114,{'text_length': 195}
127,I LOVE ASEXUAL RAPHEAL IN #Shadowhunters,{'text': 'I LOVE ASEXUAL RAPHEAL IN #Shadowhunters'},,,2 (positive/supportive),admin,,False,,1878,,Validated,2023-09-16 07:41:20.412157,{'text_length': 40}
128,Had a rough day and it‚Äôs only 10:30. Someone come over and cuddle me or cuddle me on the coffeeshop porn couch since dyke day is cancelled,{'text': 'Had a rough day and it‚Äôs only 10:30. Someone come over and cuddle me or cuddle me on the coffeeshop porn couch since dyke day is cancelled'},,,2 (positive/supportive),admin,,False,,1879,,Validated,2023-09-16 07:41:20.412202,{'text_length': 138}
129,1 million k bar promote ho jayein gey na ? Hope so! @ImranKhanPTI #Wewantpromotion @Shafqat_Mahmood  #ImranKhanStudentsKiSunLo,{'text': '1 million k bar promote ho jayein gey na ? Hope so! @ImranKhanPTI #Wewantpromotion @Shafqat_Mahmood  #ImranKhanStudentsKiSunLo'},,,3 (neutral),admin,,False,,1880,,Validated,2023-09-16 07:41:20.412249,{'text_length': 126}
130,People on Facebook if you post anti Trans shit I will waste you ....my friends are more important then your likes..fuck you,{'text': 'People on Facebook if you post anti Trans shit I will waste you ....my friends are more important then your likes..fuck you'},,,2 (positive/supportive),admin,,False,,1881,,Validated,2023-09-16 07:41:20.412303,{'text_length': 123}
131,My favourite thing about the news that Casimir Pulaski was intersex is that on the NYT FB page link for it there's a whole thread of Sufjan lyrics,"{'text': ""My favourite thing about the news that Casimir Pulaski was intersex is that on the NYT FB page link for it there's a whole thread of Sufjan lyrics""}",,,3 (neutral),admin,,False,,1882,,Validated,2023-09-16 07:41:20.412351,{'text_length': 146}
132,"No. ""Vamp"" isn't for vampire. It's because he's bisexual...","{'text': 'No. ""Vamp"" isn\'t for vampire. It\'s because he\'s bisexual...'}",,,2 (positive/supportive),admin,,False,,1883,,Validated,2023-09-16 07:41:20.412397,{'text_length': 59}
133,Boys are gay,{'text': 'Boys are gay'},,,3 (neutral),admin,,False,,1884,,Validated,2023-09-16 07:41:20.412450,{'text_length': 12}
134,"I'll support gay people. I'm cool with trans people. But if you come to me talking about pedophilia rights, I might slap you. Period.","{'text': ""I'll support gay people. I'm cool with trans people. But if you come to me talking about pedophilia rights, I might slap you. Period.""}",,,2 (positive/supportive),admin,,False,,1885,,Validated,2023-09-16 07:41:20.412498,{'text_length': 133}
135,fellas is it gay to masturbate i mean you basically jerkin off a guy,{'text': 'fellas is it gay to masturbate i mean you basically jerkin off a guy'},,,3 (neutral),admin,,False,,1886,,Validated,2023-09-16 07:41:20.412544,{'text_length': 68}
136,"If youtube was a family:
Dad: @Boogie2988 
Mom: @Idubbbz 
The Drunk Uncle: @h3h3productions 
The Younger brother nobody likes: @jakepaul 
The foreign exchange student: @RiceGum 
The Daughter: @jacksfilms 
The dumb older bro: @pewdiepie 
The lesbian aunt: @PyrocynicalVEVO",{'text': 'If youtube was a family:\nDad: @Boogie2988 \nMom: @Idubbbz \nThe Drunk Uncle: @h3h3productions \nThe Younger brother nobody likes: @jakepaul \nThe foreign exchange student: @RiceGum \nThe Daughter: @jacksfilms \nThe dumb older bro: @pewdiepie \nThe lesbian aunt: @PyrocynicalVEVO'},,,3 (neutral),admin,,False,,1887,,Validated,2023-09-16 07:41:20.412589,{'text_length': 271}
137,When did everyone become so lesbian? Did I miss something?,{'text': 'When did everyone become so lesbian? Did I miss something?'},,,4 (hateful/unsupportive),admin,,False,,1888,,Validated,2023-09-16 07:41:20.412634,{'text_length': 58}
138,"If you don't drink beer, you're a.queer. @headberthowser","{'text': ""If you don't drink beer, you're a.queer. @headberthowser""}",,,4 (hateful/unsupportive),admin,,False,,1889,,Validated,2023-09-16 07:41:20.412678,{'text_length': 56}
139,Seems ppl liked me better as trans. Or maybe they merely either fetishized or pitied me. Now I'm just a boring reclusive freak again.,"{'text': ""Seems ppl liked me better as trans. Or maybe they merely either fetishized or pitied me. Now I'm just a boring reclusive freak again.""}",,,2 (positive/supportive),admin,,False,,1890,,Validated,2023-09-16 07:41:20.412724,{'text_length': 133}
140,"What a day:150 years of first successful trans-Atlantic cable installation, new #RSfellows seminar @royalsociety and a new PM and govt! #OTD","{'text': 'What a day:150 years of first successful trans-Atlantic cable installation, new #RSfellows seminar @royalsociety and a new PM and govt! #OTD'}",,,3 (neutral),admin,,False,,1891,,Validated,2023-09-16 07:41:20.412777,{'text_length': 140}
141,"lol trans went out on my dads car so now he‚Äôs gotta use my other car, why do we have this fucking luck bro","{'text': 'lol trans went out on my dads car so now he‚Äôs gotta use my other car, why do we have this fucking luck bro'}",,,6 (can't say!),admin,,False,,1892,,Validated,2023-09-16 07:41:20.412823,{'text_length': 106}
142,also can my mom stop saying that things are better for trans ppl in canada like where are you getting that from,{'text': 'also can my mom stop saying that things are better for trans ppl in canada like where are you getting that from'},,,2 (positive/supportive),admin,,False,,1893,,Validated,2023-09-16 07:41:20.412875,{'text_length': 111}
143,Girls are much nicer than men. I should just turn lesbian.,{'text': 'Girls are much nicer than men. I should just turn lesbian.'},,,2 (positive/supportive),admin,,False,,1894,,Validated,2023-09-16 07:41:20.412920,{'text_length': 58}
144,"Circumcision is unnecessary and harmful. Please help us end the forced genital cutting of all boys, girls, and intersex children. #i2","{'text': 'Circumcision is unnecessary and harmful. Please help us end the forced genital cutting of all boys, girls, and intersex children. #i2'}",,,2 (positive/supportive),admin,,False,,1895,,Validated,2023-09-16 07:41:20.413034,{'text_length': 133}
145,#mylibslive That was a great story! #LGBTQ #MyLibsLive,{'text': '#mylibslive That was a great story! #LGBTQ #MyLibsLive'},,,2 (positive/supportive),admin,,False,,1896,,Validated,2023-09-16 07:41:20.413085,{'text_length': 54}
146,"finally my 13 years of french education are paying off, i can watch this gay french film that doesnt have subtitles","{'text': 'finally my 13 years of french education are paying off, i can watch this gay french film that doesnt have subtitles'}",,,2 (positive/supportive),admin,,False,,1897,,Validated,2023-09-16 07:41:20.413131,{'text_length': 115}
147,"every time I bring a friend over to my house my mom asks if I‚Äôm dating them. Like okay mom, just because I‚Äôm bisexual doesn‚Äôt mean Im dating every person I bring home.","{'text': 'every time I bring a friend over to my house my mom asks if I‚Äôm dating them. Like okay mom, just because I‚Äôm bisexual doesn‚Äôt mean Im dating every person I bring home.'}",,,2 (positive/supportive),admin,,False,,1898,,Validated,2023-09-16 07:41:20.413177,{'text_length': 167}
148,Massive congrats to @ConchitaWurst and thank you for doing this! #lgbt #esc2014 #progress,{'text': 'Massive congrats to @ConchitaWurst and thank you for doing this! #lgbt #esc2014 #progress'},,,2 (positive/supportive),admin,,False,,1899,,Validated,2023-09-16 07:41:20.413223,{'text_length': 89}
149,joke's on you I'm a pacific island lesbian but now you want an interview and you have to give me a chance #workthesystem,"{'text': ""joke's on you I'm a pacific island lesbian but now you want an interview and you have to give me a chance #workthesystem""}",,,3 (neutral),admin,,False,,1900,,Validated,2023-09-16 07:41:20.413270,{'text_length': 120}
150,The biggest queer/swaggot just followed me.. üòÜüòÇüòÇ‚úå,{'text': 'The biggest queer/swaggot just followed me.. üòÜüòÇüòÇ‚úå'},,,3 (neutral),admin,,False,,1901,,Validated,2023-09-16 07:41:20.413326,{'text_length': 49}
151,She didn't know the difference between amphibians and lesbians,"{'text': ""She didn't know the difference between amphibians and lesbians""}",,,3 (neutral),admin,,False,,1902,,Validated,2023-09-16 07:41:20.413373,{'text_length': 62}
152,"""First of all, I didn't say I Wasn't gay"" yooo, my co-workers are wild'n today","{'text': '""First of all, I didn\'t say I Wasn\'t gay"" yooo, my co-workers are wild\'n today'}",,,2 (positive/supportive),admin,,False,,1903,,Validated,2023-09-16 07:41:20.413420,{'text_length': 78}
153,Ever wanna cry but don't because you realize you're not a queer?,"{'text': ""Ever wanna cry but don't because you realize you're not a queer?""}",,,3 (neutral),admin,,False,,1904,,Validated,2023-09-16 07:41:20.413479,{'text_length': 64}
154,"ADD ME TO ANY SEX, fucking, bisexual, porn, or Horny Groups on twitter please I Need Followers #retweet #retweetMe #followme #now","{'text': 'ADD ME TO ANY SEX, fucking, bisexual, porn, or Horny Groups on twitter please I Need Followers #retweet #retweetMe #followme #now'}",,,3 (neutral),admin,,False,,1905,,Validated,2023-09-16 07:41:20.413562,{'text_length': 129}
155,i blocked that person but they‚Äôre like ‚Äúi never said anything about lgbt ppl i said cis ppl too‚Äù WOW OK YOU LITERALLY SAID ONLY ACES HAVE MEANINGFUL RELATIONSHIPS AND THAT GAY PEOPLE JUST WANNA FUCK LOL,{'text': 'i blocked that person but they‚Äôre like ‚Äúi never said anything about lgbt ppl i said cis ppl too‚Äù WOW OK YOU LITERALLY SAID ONLY ACES HAVE MEANINGFUL RELATIONSHIPS AND THAT GAY PEOPLE JUST WANNA FUCK LOL'},,,2 (positive/supportive),admin,,False,,1906,,Validated,2023-09-16 07:41:20.413626,{'text_length': 202}
156,"Drunk teenager: ""Well thats funny MR DOCTOR FUCK-QUEER! YOURE GAY. And you have NO JOKES in your resitory!""

Resitory.","{'text': 'Drunk teenager: ""Well thats funny MR DOCTOR FUCK-QUEER! YOURE GAY. And you have NO JOKES in your resitory!""\n\nResitory.'}",,,3 (neutral),admin,,False,,1907,,Validated,2023-09-16 07:41:20.413674,{'text_length': 118}
157,"#ScarlettJohansson didn't think flopping as an ""Asian"" was enough. Now she wants to have a bomb as a trans man. Truly dedicated to making terrible movies that are total failures #sobrave","{'text': '#ScarlettJohansson didn\'t think flopping as an ""Asian"" was enough. Now she wants to have a bomb as a trans man. Truly dedicated to making terrible movies that are total failures #sobrave'}",,,3 (neutral),admin,,False,,1908,,Validated,2023-09-16 07:41:20.413720,{'text_length': 186}
158,i think the way gay &amp; straight people feel entitled to decisions on the worthiness and basically humanity of bisexual people is disgusting.,{'text': 'i think the way gay &amp; straight people feel entitled to decisions on the worthiness and basically humanity of bisexual people is disgusting.'},,,2 (positive/supportive),admin,,False,,1909,,Validated,2023-09-16 07:41:20.413766,{'text_length': 143}
159,"#Young #women, #intersex and #trans women, trans* #youth, #refugee women, #muslim women, #girls, #women of color--these are some marginalised within marginalised population examples. #Philanthropy needs to serve them more. (2/2) #FundWomen #FundHer #nationalphilanthropyday","{'text': '#Young #women, #intersex and #trans women, trans* #youth, #refugee women, #muslim women, #girls, #women of color--these are some marginalised within marginalised population examples. #Philanthropy needs to serve them more. (2/2) #FundWomen #FundHer #nationalphilanthropyday'}",,,2 (positive/supportive),admin,,False,,1910,,Validated,2023-09-16 07:41:20.413814,{'text_length': 273}
160,"""singing releases serotonin""
""like an orgasm""
"" -- or a really good sneeze""
""you are so asexual""","{'text': '""singing releases serotonin""\n""like an orgasm""\n"" -- or a really good sneeze""\n""you are so asexual""'}",,,3 (neutral),admin,,False,,1911,,Validated,2023-09-16 07:41:20.413871,{'text_length': 96}
161,Your tweets that invalidate trans folks and their pain aren't just trolling and they aren't just bullshit. They are violence.,"{'text': ""Your tweets that invalidate trans folks and their pain aren't just trolling and they aren't just bullshit. They are violence.""}",,,2 (positive/supportive),admin,,False,,1912,,Validated,2023-09-16 07:41:20.413916,{'text_length': 125}
162,Wow so @ussoccer_wnt  @CACSoccer is going to call up Hinkle the homophobe? And Krieger sits at home playing the best soccer of her life. Is @ussoccer aware of who their fan base is?  You think this is good for team chemistry when you have lgbt players on the team? #FireJillEllis,{'text': 'Wow so @ussoccer_wnt  @CACSoccer is going to call up Hinkle the homophobe? And Krieger sits at home playing the best soccer of her life. Is @ussoccer aware of who their fan base is?  You think this is good for team chemistry when you have lgbt players on the team? #FireJillEllis'},,,2 (positive/supportive),admin,,False,,1913,,Validated,2023-09-16 07:41:20.413987,{'text_length': 279}
163,"John Mulaney‚Äôs new stand-up special Kid Gorgeous is on Netflix now! One of my favorite bits when I saw the show last year is when he talked about watching an old movie on TCM in the middle of the day because he‚Äôs asexual, because I could obviously relate.","{'text': 'John Mulaney‚Äôs new stand-up special Kid Gorgeous is on Netflix now! One of my favorite bits when I saw the show last year is when he talked about watching an old movie on TCM in the middle of the day because he‚Äôs asexual, because I could obviously relate.'}",,,2 (positive/supportive),admin,,False,,1914,,Validated,2023-09-16 07:41:20.414054,{'text_length': 255}
164,"as a biromantic asexual, do I even exist? this is a question I ask myself every day.","{'text': 'as a biromantic asexual, do I even exist? this is a question I ask myself every day.'}",,,2 (positive/supportive),admin,,False,,1915,,Validated,2023-09-16 07:41:20.414102,{'text_length': 84}
165,"imagine a world where u never have to read shit like ""cuntboi"" &amp; ""shemale"" ever again bc ppl stop treating trans &amp; intersex ppl as a fetish","{'text': 'imagine a world where u never have to read shit like ""cuntboi"" &amp; ""shemale"" ever again bc ppl stop treating trans &amp; intersex ppl as a fetish'}",,,2 (positive/supportive),admin,,False,,1916,,Validated,2023-09-16 07:41:20.414196,{'text_length': 147}
166,"""asexual means you fuck urself""","{'text': '""asexual means you fuck urself""'}",,,4 (hateful/unsupportive),admin,,False,,1917,,Validated,2023-09-16 07:41:20.414248,{'text_length': 31}
167,Biological Science: Corrected Asexual Reproduction Review Sentences are due tomorrow.,{'text': 'Biological Science: Corrected Asexual Reproduction Review Sentences are due tomorrow.'},,,2 (positive/supportive),admin,,False,,1918,,Validated,2023-09-16 07:41:20.414296,{'text_length': 85}
168,flamboyant white gays make me uncomfortable like i just met you don‚Äôt come at me with no ‚Äòheyyyy bitchhh‚Äô,{'text': 'flamboyant white gays make me uncomfortable like i just met you don‚Äôt come at me with no ‚Äòheyyyy bitchhh‚Äô'},,,4 (hateful/unsupportive),admin,,False,,1919,,Validated,2023-09-16 07:41:20.414342,{'text_length': 105}
169,Whenn im staring at a girl &amp;She think Im hating....Nah im just gay..,{'text': 'Whenn im staring at a girl &amp;She think Im hating....Nah im just gay..'},,,2 (positive/supportive),admin,,False,,1920,,Validated,2023-09-16 07:41:20.414387,{'text_length': 72}
170,Lucas is such a queer lmao,{'text': 'Lucas is such a queer lmao'},,,2 (positive/supportive),admin,,False,,1921,,Validated,2023-09-16 07:41:20.414451,{'text_length': 26}
171,Going to a gay bar with my family ‚ù§Ô∏èüè≥Ô∏è‚Äçüåà,{'text': 'Going to a gay bar with my family ‚ù§Ô∏èüè≥Ô∏è\u200düåà'},,,1 (extremely positive/supportive),admin,,False,,1922,,Validated,2023-09-16 07:41:20.414503,{'text_length': 40}
172,"You know u are the best when even in your best actor speech you talk about ‚ÄúHUMARE hazr episode hojayein gey as Kartik Naira‚Äù. 
Honestly, Mohsin is such a great guy! Even in his moment of glory, he didn‚Äôt fail to appreciate Dheeraj and Nakul for their work!
#yrkkh #GoldAward2019","{'text': 'You know u are the best when even in your best actor speech you talk about ‚ÄúHUMARE hazr episode hojayein gey as Kartik Naira‚Äù. \nHonestly, Mohsin is such a great guy! Even in his moment of glory, he didn‚Äôt fail to appreciate Dheeraj and Nakul for their work!\n#yrkkh #GoldAward2019'}",,,3 (neutral),admin,,False,,1923,,Validated,2023-09-16 07:41:20.414551,{'text_length': 279}
173,"aaaaaa ""intersex"" is not a more polite synonym for ""herm"", stop describing porn as intersex","{'text': 'aaaaaa ""intersex"" is not a more polite synonym for ""herm"", stop describing porn as intersex'}",,,2 (positive/supportive),admin,,False,,1924,,Validated,2023-09-16 07:41:20.414598,{'text_length': 91}
174,"Really sick of any ‚ÄúSayo Yamamoto must be gay,‚Äù or ‚ÄúIkuhara must be trans‚Äù discussions that pop up.
Because speculating about real people‚Äôs sexuality is shitty and gross, like they‚Äôre just characters in a story you‚Äôre watching that you‚Äôre free to headcanon.","{'text': 'Really sick of any ‚ÄúSayo Yamamoto must be gay,‚Äù or ‚ÄúIkuhara must be trans‚Äù discussions that pop up.\nBecause speculating about real people‚Äôs sexuality is shitty and gross, like they‚Äôre just characters in a story you‚Äôre watching that you‚Äôre free to headcanon.'}",,,2 (positive/supportive),admin,,False,,1925,,Validated,2023-09-16 07:41:20.414710,{'text_length': 257}
175,"Outside of Twitter, we all know and see those in need in our own communities. We know which efforts are in need of support, whether that's for youth services, mental health or LGBTQ+ to name just a few. RT and share this effort! #RoarForChange @BTS_twt","{'text': ""Outside of Twitter, we all know and see those in need in our own communities. We know which efforts are in need of support, whether that's for youth services, mental health or LGBTQ+ to name just a few. RT and share this effort! #RoarForChange @BTS_twt""}",,,2 (positive/supportive),admin,,False,,1926,,Validated,2023-09-16 07:41:20.414775,{'text_length': 252}
176,I was curious and had to check. So twitter censored #bisexual and also #transsexual #transexual,{'text': 'I was curious and had to check. So twitter censored #bisexual and also #transsexual #transexual'},,,2 (positive/supportive),admin,,False,,1927,,Validated,2023-09-16 07:41:20.414826,{'text_length': 95}
177,just realized my dnd characters name is one letter off from being lezzie. don‚Äôt text,{'text': 'just realized my dnd characters name is one letter off from being lezzie. don‚Äôt text'},,,3 (neutral),admin,,False,,1928,,Validated,2023-09-16 07:41:20.414874,{'text_length': 84}
178,"Hello! I would like one (1) accurate portrayal of an ace character with a side of the discontinuation of using ‚Äúasexual‚Äù to mean ‚Äúunattractive or otherwise unfuckable‚Äù in popular media, please!!","{'text': 'Hello! I would like one (1) accurate portrayal of an ace character with a side of the discontinuation of using ‚Äúasexual‚Äù to mean ‚Äúunattractive or otherwise unfuckable‚Äù in popular media, please!!'}",,,2 (positive/supportive),admin,,False,,1929,,Validated,2023-09-16 07:41:20.414928,{'text_length': 194}
179,"Robotnik is a feminist, tribbles are bisexual, and all of the world's animals are a certain percentage of cat or dog","{'text': ""Robotnik is a feminist, tribbles are bisexual, and all of the world's animals are a certain percentage of cat or dog""}",,,2 (positive/supportive),admin,,False,,1930,,Validated,2023-09-16 07:41:20.415001,{'text_length': 116}
180,writing BOMBSHELLS in this political climate means every issue is WOW PLEASE DON'T LET HISTORY REPEAT ITSELF but with more lesbians/punching,"{'text': ""writing BOMBSHELLS in this political climate means every issue is WOW PLEASE DON'T LET HISTORY REPEAT ITSELF but with more lesbians/punching""}",,,3 (neutral),admin,,False,,1931,,Validated,2023-09-16 07:41:20.415063,{'text_length': 140}
181,"getting called an assimilationist on here for saying ""brick"" and ""tranny"" in the same way i've proudly described myself many times, all things that assimilationists are known to do","{'text': 'getting called an assimilationist on here for saying ""brick"" and ""tranny"" in the same way i\'ve proudly described myself many times, all things that assimilationists are known to do'}",,,4 (hateful/unsupportive),admin,,False,,1932,,Validated,2023-09-16 07:41:20.415110,{'text_length': 180}
182,kAREN IS SO HOT IM GAY,{'text': 'kAREN IS SO HOT IM GAY'},,,2 (positive/supportive),admin,,False,,1933,,Validated,2023-09-16 07:41:20.415156,{'text_length': 22}
183,‚Äúmen r trash‚Äù ok bitch n ur grannys a tranny,{'text': '‚Äúmen r trash‚Äù ok bitch n ur grannys a tranny'},,,4 (hateful/unsupportive),admin,,False,,1934,,Validated,2023-09-16 07:41:20.415201,{'text_length': 44}
184,Sometimes i make jokes that I‚Äôm a hybrid cis nigga since I‚Äôm Intersex. Still trans but if my parents chose boy then I‚Äôd be cis... don‚Äôt go calling Intersex ppl hybrids tho.,{'text': 'Sometimes i make jokes that I‚Äôm a hybrid cis nigga since I‚Äôm Intersex. Still trans but if my parents chose boy then I‚Äôd be cis... don‚Äôt go calling Intersex ppl hybrids tho.'},,,2 (positive/supportive),admin,,False,,1935,,Validated,2023-09-16 07:41:20.415246,{'text_length': 172}
185,ugh i have to go eat dinner but i will be back for gay trans dragons,{'text': 'ugh i have to go eat dinner but i will be back for gay trans dragons'},,,3 (neutral),admin,,False,,1936,,Validated,2023-09-16 07:41:20.415291,{'text_length': 68}
186,"üåà is the best year:
‚Ä¢Demi kissed a girl on New Year.
‚Ä¢Hayley Kyoko aka Lesbian Jesus released an entire album ""Expectations"" about girls loving girls.
‚Ä¢""Love, Simon"" exist.
‚Ä¢Demi and Kehlani kissed on stage.
‚Ä¢Cara Delevigne kissing Paris Jackson in public.
To be continue...","{'text': 'üåà is the best year:\n‚Ä¢Demi kissed a girl on New Year.\n‚Ä¢Hayley Kyoko aka Lesbian Jesus released an entire album ""Expectations"" about girls loving girls.\n‚Ä¢""Love, Simon"" exist.\n‚Ä¢Demi and Kehlani kissed on stage.\n‚Ä¢Cara Delevigne kissing Paris Jackson in public.\nTo be continue...'}",,,2 (positive/supportive),admin,,False,,1937,,Validated,2023-09-16 07:41:20.415337,{'text_length': 274}
187,"Mysterious curse wipes out family of spell-sellers. Lone survivor blackmails broke, trans thief into finding out why. #CPMatch #LGBT ADT BP","{'text': 'Mysterious curse wipes out family of spell-sellers. Lone survivor blackmails broke, trans thief into finding out why. #CPMatch #LGBT ADT BP'}",,,3 (neutral),admin,,False,,1938,,Validated,2023-09-16 07:41:20.415382,{'text_length': 139}
188,"#Bisexual awareness week! Yes, we exist. No, we're not indecisive, non-monogamous,dishonest or unicorns. Actually, sometimes we're unicorns.","{'text': ""#Bisexual awareness week! Yes, we exist. No, we're not indecisive, non-monogamous,dishonest or unicorns. Actually, sometimes we're unicorns.""}",,,2 (positive/supportive),admin,,False,,1939,,Validated,2023-09-16 07:41:20.415444,{'text_length': 140}
189,"Top 72 GeoMetry Dahs Pleyers
1: my cat
2: sunxi 
3: wargaaaayy af
4: beginninglevel
5: slobonmyknobbelboy
6: jacksfilms
7: skull ooooooioh
8: Ho-Oh from pokemans 
9: focc u
10: VIpRiNn
11: ur mom gey!!12
12: top 18282 fortnite yootooburs whove swOOOIOOOOOIOOIOrn",{'text': 'Top 72 GeoMetry Dahs Pleyers\n1: my cat\n2: sunxi \n3: wargaaaayy af\n4: beginninglevel\n5: slobonmyknobbelboy\n6: jacksfilms\n7: skull ooooooioh\n8: Ho-Oh from pokemans \n9: focc u\n10: VIpRiNn\n11: ur mom gey!!12\n12: top 18282 fortnite yootooburs whove swOOOIOOOOOIOOIOrn'},,,3 (neutral),admin,,False,,1940,,Validated,2023-09-16 07:41:20.415517,{'text_length': 262}
190,"the cisnormativity behind the a/bortion ban is fucking awful. yes, it's an attack on women's rights as well as trans' rights and intersex rights. stop excluding non-cis people in your shit activism you snotbags","{'text': ""the cisnormativity behind the a/bortion ban is fucking awful. yes, it's an attack on women's rights as well as trans' rights and intersex rights. stop excluding non-cis people in your shit activism you snotbags""}",,,2 (positive/supportive),admin,,False,,1941,,Validated,2023-09-16 07:41:20.415576,{'text_length': 210}
191,I know this is gonna sound pretty ghey but holy cow do I flipping love @JTudyks a whole bunch. I have moments where I just stare at him and smile real big because I can't believe I've found someone so damn perfect,"{'text': ""I know this is gonna sound pretty ghey but holy cow do I flipping love @JTudyks a whole bunch. I have moments where I just stare at him and smile real big because I can't believe I've found someone so damn perfect""}",,,2 (positive/supportive),admin,,False,,1942,,Validated,2023-09-16 07:41:20.415624,{'text_length': 213}
192,when the waitress thinks you and @JenaRamsey are a lesbian couple but we have no shameüë≠,{'text': 'when the waitress thinks you and @JenaRamsey are a lesbian couple but we have no shameüë≠'},,,2 (positive/supportive),admin,,False,,1943,,Validated,2023-09-16 07:41:20.415671,{'text_length': 87}
193,you told me to delete any tweets making our family look bad? heres a tweet for you. im queer and im proud.  you cant shame me into silence,{'text': 'you told me to delete any tweets making our family look bad? heres a tweet for you. im queer and im proud.  you cant shame me into silence'},,,1 (extremely positive/supportive),admin,,False,,1944,,Validated,2023-09-16 07:41:20.415716,{'text_length': 138}
194,"once every four months I crawl out of the woodwork to remind everyone mad about modern persona that digital devil saga ($5, PSN) has a bunch of bisexuals, an intersex character, an agender character, assorted gay shit, AND is about cannibal fursonas. I don't know what else you n","{'text': ""once every four months I crawl out of the woodwork to remind everyone mad about modern persona that digital devil saga ($5, PSN) has a bunch of bisexuals, an intersex character, an agender character, assorted gay shit, AND is about cannibal fursonas. I don't know what else you n""}",,,3 (neutral),admin,,False,,1945,,Validated,2023-09-16 07:41:20.415761,{'text_length': 279}
195,Boys are dumb lol I might just turn asexual real quick,{'text': 'Boys are dumb lol I might just turn asexual real quick'},,,4 (hateful/unsupportive),admin,,False,,1946,,Validated,2023-09-16 07:41:20.415805,{'text_length': 54}
196,every weekend I become more and more asexual,{'text': 'every weekend I become more and more asexual'},,,4 (hateful/unsupportive),admin,,False,,1947,,Validated,2023-09-16 07:41:20.415850,{'text_length': 44}
197,Nazrene in this scene is the very definition of Confused Bisexual and hmm i wonder where she gets it from,{'text': 'Nazrene in this scene is the very definition of Confused Bisexual and hmm i wonder where she gets it from'},,,3 (neutral),admin,,False,,1948,,Validated,2023-09-16 07:41:20.415894,{'text_length': 105}
198,"Conclusion from tinder is:
-English girls are WAY to cocky and match with you only to not reply.
-French girls are way too goody goody not a bad thing but where the french baddies at?
-if you cant tell what they look like, dont bother.
-gay guys are now women...
-tinder=hopeless","{'text': 'Conclusion from tinder is:\n-English girls are WAY to cocky and match with you only to not reply.\n-French girls are way too goody goody not a bad thing but where the french baddies at?\n-if you cant tell what they look like, dont bother.\n-gay guys are now women...\n-tinder=hopeless'}",,,3 (neutral),admin,,False,,1949,,Validated,2023-09-16 07:41:20.415939,{'text_length': 279}
199,"talking about shakespeare:

‚Äúi‚Äôm going to my girlfriend, comparing her to a summer‚Äôs day, except, it‚Äôs not for a woman! ..........it‚Äôs for a young man!‚Äù

‚ÄúHE GAY!‚Äù","{'text': 'talking about shakespeare:\n\n‚Äúi‚Äôm going to my girlfriend, comparing her to a summer‚Äôs day, except, it‚Äôs not for a woman! ..........it‚Äôs for a young man!‚Äù\n\n‚ÄúHE GAY!‚Äù'}",,,3 (neutral),admin,,False,,1950,,Validated,2023-09-16 07:41:20.416006,{'text_length': 163}
200,"My ""gay/hour"" policy is doing a fine sort of any new followers who missed that I'm a fat, gay, trans, &amp; science loving colored liberal UU.","{'text': 'My ""gay/hour"" policy is doing a fine sort of any new followers who missed that I\'m a fat, gay, trans, &amp; science loving colored liberal UU.'}",,,3 (neutral),admin,,False,,1951,,Validated,2023-09-16 07:41:20.416064,{'text_length': 142}
201,"Just occurred to me as I sit here writing A/B/O Spacedogs smut, that I often write omegas as ""indeterminate"". That is, you could read them as ""intersex"" or as a buttbaby omega. I know some people are squick one or the other so please do ask if you wanna know re: any specific fic.","{'text': 'Just occurred to me as I sit here writing A/B/O Spacedogs smut, that I often write omegas as ""indeterminate"". That is, you could read them as ""intersex"" or as a buttbaby omega. I know some people are squick one or the other so please do ask if you wanna know re: any specific fic.'}",,,2 (positive/supportive),admin,,False,,1952,,Validated,2023-09-16 07:41:20.416112,{'text_length': 280}
202,"""fuck all of you for not including aces and aros in pride"" ii hope to God y'all talking about lgbt ace/aro people??????? Please be specific","{'text': '""fuck all of you for not including aces and aros in pride"" ii hope to God y\'all talking about lgbt ace/aro people??????? Please be specific'}",,,2 (positive/supportive),admin,,False,,1953,,Validated,2023-09-16 07:41:20.416157,{'text_length': 139}
203,Str8s need to understand that nobody asked for or WANT their opinions on LGBT issues #justshutupandlisten,{'text': 'Str8s need to understand that nobody asked for or WANT their opinions on LGBT issues #justshutupandlisten'},,,2 (positive/supportive),admin,,False,,1954,,Validated,2023-09-16 07:41:20.416203,{'text_length': 105}
204,"Being bisexual is comfortable for me, and if you have an issue, ill just eat your ass :)","{'text': 'Being bisexual is comfortable for me, and if you have an issue, ill just eat your ass :)'}",,,1 (extremely positive/supportive),admin,,False,,1955,,Validated,2023-09-16 07:41:20.416248,{'text_length': 88}
205,Not sure if I'm just extremely picky when it comes to boys or I'm a lesbian?!¬ø¬°,"{'text': ""Not sure if I'm just extremely picky when it comes to boys or I'm a lesbian?!¬ø¬°""}",,,2 (positive/supportive),admin,,False,,1956,,Validated,2023-09-16 07:41:20.416292,{'text_length': 79}
206,"Listening to a young cis-het guy poorly explaining what ‚Äúintersex‚Äù means to his mates. He‚Äôs fucking it up, but by god he‚Äôs trying.","{'text': 'Listening to a young cis-het guy poorly explaining what ‚Äúintersex‚Äù means to his mates. He‚Äôs fucking it up, but by god he‚Äôs trying.'}",,,2 (positive/supportive),admin,,False,,1957,,Validated,2023-09-16 07:41:20.416336,{'text_length': 130}
207,"""Did someone say.... Sapioromantic asexual validation?""
-Winston from overwatch","{'text': '""Did someone say.... Sapioromantic asexual validation?""\n-Winston from overwatch'}",,,2 (positive/supportive),admin,,False,,1958,,Validated,2023-09-16 07:41:20.416379,{'text_length': 79}
208,GIMME ME BISEXUAL!JAKE &amp; ELEANOR @nbc IT'S WHAT I DESERVE,"{'text': ""GIMME ME BISEXUAL!JAKE &amp; ELEANOR @nbc IT'S WHAT I DESERVE""}",,,2 (positive/supportive),admin,,False,,1959,,Validated,2023-09-16 07:41:20.416422,{'text_length': 61}
209,"EVERY time i find out more about how intersex people are usually treated by medical professionals and close family i am DISGUSTED 

how tf do u think mutilating your kids genitals is in any way excusable?",{'text': 'EVERY time i find out more about how intersex people are usually treated by medical professionals and close family i am DISGUSTED \n\nhow tf do u think mutilating your kids genitals is in any way excusable?'},,,2 (positive/supportive),admin,,False,,1960,,Validated,2023-09-16 07:41:20.416474,{'text_length': 204}
210,is there a support group for lesbians with long hair??,{'text': 'is there a support group for lesbians with long hair??'},,,2 (positive/supportive),admin,,False,,1961,,Validated,2023-09-16 07:41:20.416527,{'text_length': 54}
211,Reminder That Jessie Chooses To Dress Like A Butch Lesbian,{'text': 'Reminder That Jessie Chooses To Dress Like A Butch Lesbian'},,,3 (neutral),admin,,False,,1962,,Validated,2023-09-16 07:41:20.416573,{'text_length': 58}
212,Target has the best selection of asexual weirdos.,{'text': 'Target has the best selection of asexual weirdos.'},,,3 (neutral),admin,,False,,1963,,Validated,2023-09-16 07:41:20.416618,{'text_length': 49}
213,I'm now asexual lol . Niggas ain't Shit and neither are these Bitches SMH,"{'text': ""I'm now asexual lol . Niggas ain't Shit and neither are these Bitches SMH""}",,,3 (neutral),admin,,False,,1964,,Validated,2023-09-16 07:41:20.416662,{'text_length': 73}
214,"Half bae, she half straight and half gay.","{'text': 'Half bae, she half straight and half gay.'}",,,3 (neutral),admin,,False,,1965,,Validated,2023-09-16 07:41:20.416705,{'text_length': 41}
215,Being intersex is not a disability. It's just nonconformity to society's binary box. @thespreadpod #thespreadlive @felogene,"{'text': ""Being intersex is not a disability. It's just nonconformity to society's binary box. @thespreadpod #thespreadlive @felogene""}",,,4 (hateful/unsupportive),admin,,False,,1966,,Validated,2023-09-16 07:41:20.416748,{'text_length': 123}
216,OBAMA: Some on the left are upset I may trim Medicare and Social Security. TRANS: HEY! HIPPIES! BE GLAD I'M DOING SOME SHIT &amp; SHUT THE F UP!,"{'text': ""OBAMA: Some on the left are upset I may trim Medicare and Social Security. TRANS: HEY! HIPPIES! BE GLAD I'M DOING SOME SHIT &amp; SHUT THE F UP!""}",,,2 (positive/supportive),admin,,False,,1967,,Validated,2023-09-16 07:41:20.416791,{'text_length': 144}
217,Queer trans women who are some of your favorite trans porn performers? I feel like being in porn has me isolated from who fans are into,{'text': 'Queer trans women who are some of your favorite trans porn performers? I feel like being in porn has me isolated from who fans are into'},,,3 (neutral),admin,,False,,1968,,Validated,2023-09-16 07:41:20.416835,{'text_length': 135}
218,"PSA: The Queer/Trans/Intersex/People of Colour around you right now are shaken and grieving. Give us/them some space, eh? #Orlando","{'text': 'PSA: The Queer/Trans/Intersex/People of Colour around you right now are shaken and grieving. Give us/them some space, eh? #Orlando'}",,,2 (positive/supportive),admin,,False,,1969,,Validated,2023-09-16 07:41:20.416879,{'text_length': 130}
219,Nicaise is aromantic and asexual when he grows up !!!!,{'text': 'Nicaise is aromantic and asexual when he grows up !!!!'},,,2 (positive/supportive),admin,,False,,1970,,Validated,2023-09-16 07:41:20.416923,{'text_length': 54}
220,Choni kissed &amp; Cheryl is a lesbian.,{'text': 'Choni kissed &amp; Cheryl is a lesbian.'},,,2 (positive/supportive),admin,,False,,1971,,Validated,2023-09-16 07:41:20.417005,{'text_length': 39}
221,They can't come up with a better insult than transgender and ugly quarterback lol k,"{'text': ""They can't come up with a better insult than transgender and ugly quarterback lol k""}",,,3 (neutral),admin,,False,,1972,,Validated,2023-09-16 07:41:20.417059,{'text_length': 83}
222,excuse me dean winchester is a selfless bisexual trash,{'text': 'excuse me dean winchester is a selfless bisexual trash'},,,4 (hateful/unsupportive),admin,,False,,1973,,Validated,2023-09-16 07:41:20.417105,{'text_length': 54}
223,#carswell  Ukip now has no MPs &amp; now no reason for BBC to invite them on any of their programmes.  One Trump asslicker is not a good reason,{'text': '#carswell  Ukip now has no MPs &amp; now no reason for BBC to invite them on any of their programmes.  One Trump asslicker is not a good reason'},,,3 (neutral),admin,,False,,1974,,Validated,2023-09-16 07:41:20.417150,{'text_length': 143}
224,What do asexual people have in place of a hoe phase,{'text': 'What do asexual people have in place of a hoe phase'},,,3 (neutral),admin,,False,,1975,,Validated,2023-09-16 07:41:20.417194,{'text_length': 51}
225,"matros nho    
toroms han     
motor hans        
thomas nor     
homo trans     
hormon tas
hans rotmo

...",{'text': 'matros nho    \ntoroms han     \nmotor hans        \nthomas nor     \nhomo trans     \nhormon tas\nhans rotmo\n\n...'},,,3 (neutral),admin,,False,,1976,,Validated,2023-09-16 07:41:20.417238,{'text_length': 108}
226,Homophobia doesn‚Äôt always mean you‚Äôre literally afraid of homosexual ppl. I.T can be you having a concern of the effects representation the lgbt can have on children. Like you have a fear of everyone being gay üòÇ,{'text': 'Homophobia doesn‚Äôt always mean you‚Äôre literally afraid of homosexual ppl. I.T can be you having a concern of the effects representation the lgbt can have on children. Like you have a fear of everyone being gay üòÇ'},,,2 (positive/supportive),admin,,False,,1977,,Validated,2023-09-16 07:41:20.417283,{'text_length': 211}
227,Is there a transgender bathroom in here cuz I'm boutta wreck that shit,"{'text': ""Is there a transgender bathroom in here cuz I'm boutta wreck that shit""}",,,4 (hateful/unsupportive),admin,,False,,1978,,Validated,2023-09-16 07:41:20.417328,{'text_length': 70}
228,"Why are people treating the word ""lesbian"" with such distain and can we please stop that?","{'text': 'Why are people treating the word ""lesbian"" with such distain and can we please stop that?'}",,,2 (positive/supportive),admin,,False,,1979,,Validated,2023-09-16 07:41:20.417372,{'text_length': 89}
229,"I don't care if Bruce Jenner is heterosexual, homosexual or asexual. I do care that w/ Assholes like Santorum; Jenner remains a Republican.","{'text': ""I don't care if Bruce Jenner is heterosexual, homosexual or asexual. I do care that w/ Assholes like Santorum; Jenner remains a Republican.""}",,,2 (positive/supportive),admin,,False,,1980,,Validated,2023-09-16 07:41:20.417416,{'text_length': 139}
230,writing bonds was a good idea and im gay thanks,{'text': 'writing bonds was a good idea and im gay thanks'},,,2 (positive/supportive),admin,,False,,1981,,Validated,2023-09-16 07:41:20.417478,{'text_length': 47}
231,"I'll know I've ""made it"" on twitter when I have more followers than someone who has ""bisexual, cam girl, or anal obsessed"" in thier bio.","{'text': 'I\'ll know I\'ve ""made it"" on twitter when I have more followers than someone who has ""bisexual, cam girl, or anal obsessed"" in thier bio.'}",,,3 (neutral),admin,,False,,1982,,Validated,2023-09-16 07:41:20.417526,{'text_length': 136}
232,feeling myself cause this lesbian couple said that my swag was on point lol,{'text': 'feeling myself cause this lesbian couple said that my swag was on point lol'},,,2 (positive/supportive),admin,,False,,1983,,Validated,2023-09-16 07:41:20.417571,{'text_length': 75}
233,"Sexuality so hetero rampant. 

Homosexuality whispers,
God we wish he was one of us. 

*LGBT a kiss to all of you.","{'text': 'Sexuality so hetero rampant. \n\nHomosexuality whispers,\nGod we wish he was one of us. \n\n*LGBT a kiss to all of you.'}",,,3 (neutral),admin,,False,,1984,,Validated,2023-09-16 07:41:20.417616,{'text_length': 114}
234,"some cospleyers are gey, for example,","{'text': 'some cospleyers are gey, for example,'}",,,3 (neutral),admin,,False,,1985,,Validated,2023-09-16 07:41:20.417660,{'text_length': 37}
235,$1700 to fix my tranny... fuckin love itüòí,{'text': '$1700 to fix my tranny... fuckin love itüòí'},,,4 (hateful/unsupportive),admin,,False,,1986,,Validated,2023-09-16 07:41:20.417706,{'text_length': 41}
236,"holy shit, i totally forgot that raphael is asexual, what a good","{'text': 'holy shit, i totally forgot that raphael is asexual, what a good'}",,,2 (positive/supportive),admin,,False,,1987,,Validated,2023-09-16 07:41:20.417750,{'text_length': 64}
237,"Being an Arrogant Scum, is better than being a asslicking, cocksucking asshole.","{'text': 'Being an Arrogant Scum, is better than being a asslicking, cocksucking asshole.'}",,,3 (neutral),admin,,False,,1988,,Validated,2023-09-16 07:41:20.417793,{'text_length': 79}
238,will ppl ever not consider sexuality a spoiler thx !!!!!!!!!! i‚Äôm so tired of netflix shows being out for all of one (1) day and being hit with ‚Äúthis character gay you MUST watch‚Äù like damn give me a second to figure that out myself and be overwhlemed by representation u fucks,{'text': 'will ppl ever not consider sexuality a spoiler thx !!!!!!!!!! i‚Äôm so tired of netflix shows being out for all of one (1) day and being hit with ‚Äúthis character gay you MUST watch‚Äù like damn give me a second to figure that out myself and be overwhlemed by representation u fucks'},,,2 (positive/supportive),admin,,False,,1989,,Validated,2023-09-16 07:41:20.417837,{'text_length': 277}
239,9. How does your local Gender Identity Clinic treat trans youth? Mine still practices reparative therapy.,{'text': '9. How does your local Gender Identity Clinic treat trans youth? Mine still practices reparative therapy.'},,,2 (positive/supportive),admin,,False,,1990,,Validated,2023-09-16 07:41:20.417880,{'text_length': 105}
240,"Remember that Tumblr post that said ""browsing the LGBT believe section is the emotional equivalent of opening the fridge when you know you don't have anything there you want to eat?""

Gay tinder is the same. 

Gay dating in real life is the same.

That's really just being gay","{'text': 'Remember that Tumblr post that said ""browsing the LGBT believe section is the emotional equivalent of opening the fridge when you know you don\'t have anything there you want to eat?""\n\nGay tinder is the same. \n\nGay dating in real life is the same.\n\nThat\'s really just being gay'}",,,2 (positive/supportive),admin,,False,,1991,,Validated,2023-09-16 07:41:20.417932,{'text_length': 276}
241,I am feeling particularly bisexual at the moment,{'text': 'I am feeling particularly bisexual at the moment'},,,2 (positive/supportive),admin,,False,,1992,,Validated,2023-09-16 07:41:20.418026,{'text_length': 48}
242,"When I‚Äôm bisexual and equally interested in men and women 

Brain: don‚Äôt say it 
Don‚Äôt say it
Don‚Äôt say it
Don‚Äôt say it
Don‚Äôt say it
Don‚Äôt say it
Don‚Äôt say it
Don‚Äôt say it
Don‚Äôt say it 

Me: I‚Äôm so fuckin gay",{'text': 'When I‚Äôm bisexual and equally interested in men and women \n\nBrain: don‚Äôt say it \nDon‚Äôt say it\nDon‚Äôt say it\nDon‚Äôt say it\nDon‚Äôt say it\nDon‚Äôt say it\nDon‚Äôt say it\nDon‚Äôt say it\nDon‚Äôt say it \n\nMe: I‚Äôm so fuckin gay'},,,2 (positive/supportive),admin,,False,,1993,,Validated,2023-09-16 07:41:20.418095,{'text_length': 208}
243,"When is that lesbian movie that premiered at Cannes, RAFIKI, coming out!?","{'text': 'When is that lesbian movie that premiered at Cannes, RAFIKI, coming out!?'}",,,2 (positive/supportive),admin,,False,,1994,,Validated,2023-09-16 07:41:20.418143,{'text_length': 73}
244,update i ran from the vehicle &amp; am power walking into the gaylord this is a 911 pee emergency omg,{'text': 'update i ran from the vehicle &amp; am power walking into the gaylord this is a 911 pee emergency omg'},,,3 (neutral),admin,,False,,1995,,Validated,2023-09-16 07:41:20.418188,{'text_length': 101}
245,Do straight trans people really have privilege over gay trans people idk I feel like no one honors the sexualities of trans people anyway the only thing they see about us is being trans and no matter who we‚Äôre attracted to it‚Äôs seen as bad,{'text': 'Do straight trans people really have privilege over gay trans people idk I feel like no one honors the sexualities of trans people anyway the only thing they see about us is being trans and no matter who we‚Äôre attracted to it‚Äôs seen as bad'},,,2 (positive/supportive),admin,,False,,1996,,Validated,2023-09-16 07:41:20.418234,{'text_length': 239}
246,I wish I was asexual cus people disgust me!!!!!!!!,{'text': 'I wish I was asexual cus people disgust me!!!!!!!!'},,,4 (hateful/unsupportive),admin,,False,,1997,,Validated,2023-09-16 07:41:20.418278,{'text_length': 50}
247,"I‚Äôll be polite to just about anyone, bcuz it‚Äôs common courtesy, but don‚Äôt mistake my manners for respect. Respect is something that‚Äôs earned, not something you‚Äôre entitled to - to put it simply: I don‚Äôt owe anybody shit. I‚Äôll give exactly as much as I gey, and not an ounce more.","{'text': 'I‚Äôll be polite to just about anyone, bcuz it‚Äôs common courtesy, but don‚Äôt mistake my manners for respect. Respect is something that‚Äôs earned, not something you‚Äôre entitled to - to put it simply: I don‚Äôt owe anybody shit. I‚Äôll give exactly as much as I gey, and not an ounce more.'}",,,2 (positive/supportive),admin,,False,,1998,,Validated,2023-09-16 07:41:20.418324,{'text_length': 279}
248,"Welp I stole this from everyone

10 -  female
10 -  160 cm or shorter
10 - asexual
10 -  wears black on regular basis
10 - healthcare student
10 - 2st gen immigrant
10 - introvert
10 - low alcohol tolerance
10 - favorite this year üá±üáª
10 - doesn't wear makeup","{'text': ""Welp I stole this from everyone\n\n10 -  female\n10 -  160 cm or shorter\n10 - asexual\n10 -  wears black on regular basis\n10 - healthcare student\n10 - 2st gen immigrant\n10 - introvert\n10 - low alcohol tolerance\n10 - favorite this year üá±üáª\n10 - doesn't wear makeup""}",,,3 (neutral),admin,,False,,1999,,Validated,2023-09-16 07:41:20.418369,{'text_length': 258}
249,There's a really pretty lady who works at the bbt place I like but I don't wanna.... be like hey you're lovely and I'm gay,"{'text': ""There's a really pretty lady who works at the bbt place I like but I don't wanna.... be like hey you're lovely and I'm gay""}",,,3 (neutral),admin,,False,,2000,,Validated,2023-09-16 07:41:20.418413,{'text_length': 122}
